,X,Y,sin(month),sin(day),log(FFMC),DMC,log(DC),log(ISI),temp,log(RH),wind,log(rain),log(area)
0,7,5,0.1411200080598672,-0.9589242746631385,4.468204330914934,26.2,4.557029810660157,1.8082887711792655,8.2,3.9512437185814275,6.7,0.0,0.0
1,7,4,-0.5440211108893698,0.9092974268256817,4.517431271680085,35.4,6.507426954979125,2.0412203288596382,18.0,3.5263605246161616,0.9,0.0,0.0
2,7,4,-0.5440211108893698,-0.27941549819892586,4.517431271680085,43.7,6.533643478531968,2.0412203288596382,14.6,3.5263605246161616,1.3,0.0,0.0
3,8,6,0.1411200080598672,-0.9589242746631385,4.529368472571809,33.3,4.363098624788363,2.302585092994046,8.3,4.584967478670572,4.0,0.18232155679395465,0.0
4,8,6,0.1411200080598672,0.6569865987187891,4.5031374604229395,51.3,4.636668853047462,2.3608540011180215,11.4,4.605170185988092,1.8,0.0,0.0
5,8,6,0.9893582466233818,0.6569865987187891,4.535820107853298,85.3,6.192362489474872,2.7536607123542622,22.2,3.4011973816621555,5.4,0.0,0.0
6,8,6,0.9893582466233818,0.8414709848078965,4.535820107853298,88.9,6.207784873074067,2.2512917986064953,24.1,3.332204510175204,3.1,0.0,0.0
7,8,6,0.9893582466233818,0.8414709848078965,4.52720864451838,145.4,6.412146621021007,2.4595888418037104,8.0,4.465908118654584,2.2,0.0,0.0
8,8,6,0.4121184852417566,0.9092974268256817,4.5217885770490405,129.5,6.541895425466332,2.0794415416798357,13.1,4.1588830833596715,5.4,0.0,0.0
9,7,5,0.4121184852417566,-0.27941549819892586,4.537961436294641,88.0,6.550508743144447,2.0918640616783932,22.8,3.713572066704308,4.0,0.0,0.0
10,7,5,0.4121184852417566,-0.27941549819892586,4.537961436294641,88.0,6.550508743144447,2.0918640616783932,17.8,3.9512437185814275,7.2,0.0,0.0
11,7,5,0.4121184852417566,-0.27941549819892586,4.541164856012179,73.2,6.570882962339584,3.1612467120315646,19.3,3.6635616461296463,4.0,0.0,0.0
12,6,5,0.9893582466233818,-0.9589242746631385,4.1666652238017265,70.8,6.501740019568492,0.5877866649021191,17.0,4.290459441148391,6.7,0.0,0.0
13,6,5,0.4121184852417566,0.8414709848078965,4.520701029361642,126.5,6.533061829540727,2.0794415416798357,21.3,3.7612001156935624,2.2,0.0,0.0
14,6,5,0.4121184852417566,0.1411200080598672,4.542230386214217,133.3,6.551937110763387,2.322387720290225,26.4,3.091042453358316,4.5,0.0,0.0
15,6,5,0.4121184852417566,-0.9589242746631385,4.546481189639412,141.2,6.572142672772806,2.7013612129514133,22.9,3.8066624897703196,5.4,0.0,0.0
16,5,5,0.1411200080598672,-0.27941549819892586,4.529368472571809,35.8,4.404277243608702,2.174751721484161,15.1,3.332204510175204,5.4,0.0,0.0
17,8,5,-0.5440211108893698,0.8414709848078965,4.45318382899021,32.8,6.500087747318773,1.3862943611198906,16.7,3.871201010907891,4.9,0.0,0.0
18,6,4,0.1411200080598672,0.1411200080598672,4.502029427068578,27.9,4.273884476054178,1.9878743481543455,15.9,3.58351893845611,4.0,0.0,0.0
19,6,4,-0.7568024953079282,-0.27941549819892586,4.469350462845557,27.4,4.585987366571318,1.8082887711792655,9.3,3.8066624897703196,4.5,0.0,0.0
20,6,4,0.4121184852417566,0.9092974268256817,4.5217885770490405,129.5,6.541895425466332,2.0794415416798357,18.3,3.713572066704308,2.7,0.0,0.0
21,5,4,0.4121184852417566,0.8414709848078965,4.530446639792155,78.5,6.586585362369367,2.322387720290225,19.1,3.6635616461296463,2.7,0.0,0.0
22,7,4,-0.27941549819892586,0.6569865987187891,4.557029810660157,96.3,5.303304908059076,4.044804116661965,21.0,3.8066624897703196,4.5,0.0,0.0
23,7,4,0.9893582466233818,-0.27941549819892586,4.513054897080286,110.9,6.288601778330518,1.9740810260220096,19.5,3.784189633918261,5.8,0.0,0.0
24,7,4,0.9893582466233818,-0.27941549819892586,4.548599834499697,139.4,6.388897483518882,3.0587070727153796,23.7,3.4965075614664802,5.8,0.0,0.0
25,7,4,0.9893582466233818,0.6569865987187891,4.526126978647638,142.4,6.400921676485684,2.451005098112319,16.3,4.110873864173311,5.4,0.0,0.0
26,7,4,0.4121184852417566,-0.9589242746631385,4.536891345234797,117.9,6.505784060128229,2.580216829592325,19.0,3.5553480614894135,5.8,0.0,0.0
27,7,4,0.4121184852417566,0.8414709848078965,4.520701029361642,126.5,6.533061829540727,2.0794415416798357,19.4,3.8918202981106265,1.3,0.0,0.0
28,6,3,0.4121184852417566,-0.27941549819892586,4.547541073151455,145.4,6.582579002102776,2.2082744135228043,30.2,3.2188758248682006,2.7,0.0,0.0
29,6,3,0.4121184852417566,0.6569865987187891,4.548599834499697,149.3,6.592496438760121,2.2082744135228043,22.8,3.6888794541139363,3.6,0.0,0.0
30,6,3,0.4121184852417566,-0.9589242746631385,4.557029810660157,85.1,6.541462805948445,2.8273136219290276,25.4,3.2188758248682006,3.6,0.0,0.0
31,6,3,0.4121184852417566,0.8414709848078965,4.4953553199808844,91.8,6.566531772935438,2.0918640616783932,11.2,4.3694478524670215,7.6,0.0,0.0
32,6,3,0.4121184852417566,-0.9589242746631385,4.4953553199808844,69.7,6.562161567911363,1.916922612182061,20.6,3.6375861597263857,1.8,0.0,0.0
33,6,3,0.4121184852417566,0.6569865987187891,4.529368472571809,75.6,6.5782785168733104,2.174751721484161,17.7,3.6888794541139363,3.6,0.0,0.0
34,6,3,0.4121184852417566,0.8414709848078965,4.530446639792155,78.5,6.586585362369367,2.322387720290225,21.2,3.4965075614664802,2.7,0.0,0.0
35,6,3,0.4121184852417566,0.9092974268256817,4.514150787600923,80.7,6.59468702013994,1.9878743481543455,18.2,4.143134726391533,4.5,0.0,0.0
36,6,3,-0.5440211108893698,0.9092974268256817,4.517431271680085,35.4,6.507426954979125,2.0412203288596382,21.7,3.2188758248682006,4.5,0.0,0.0
37,7,4,-0.5440211108893698,-0.9589242746631385,4.51085950651685,41.5,6.527372951241436,2.272125885509337,11.3,4.110873864173311,5.4,0.0,0.0
38,7,3,-0.5440211108893698,-0.27941549819892586,4.517431271680085,43.7,6.533643478531968,2.0412203288596382,17.8,3.332204510175204,4.0,0.0,0.0
39,4,4,0.1411200080598672,0.9092974268256817,4.489759334476764,25.7,4.22829253473184,1.5686159179138452,14.1,3.784189633918261,2.7,0.0,0.0
40,4,4,0.6569865987187891,0.9092974268256817,4.388257184424518,60.6,5.907267388307226,0.9162907318741551,23.3,3.6375861597263857,3.1,0.0,0.0
41,4,4,0.9893582466233818,-0.27941549819892586,4.513054897080286,96.9,6.438071598547322,2.2925347571405443,18.4,3.7612001156935624,6.7,0.0,0.0
42,4,4,0.9893582466233818,0.9092974268256817,4.562262684976814,108.3,6.474045005433671,2.8903717578961645,16.6,4.007333185232471,5.4,0.0,0.0
43,4,4,0.4121184852417566,-0.27941549819892586,4.537961436294641,88.0,6.550508743144447,2.0918640616783932,19.6,3.8918202981106265,2.7,0.0,0.0
44,4,4,0.4121184852417566,0.1411200080598672,4.511957804265912,82.9,6.602180753688768,1.9740810260220096,12.9,4.31748811353631,4.9,0.0,0.0
45,5,6,0.4121184852417566,0.1411200080598672,4.557029810660157,85.1,6.541462805948445,2.8273136219290276,25.9,3.2188758248682006,4.0,0.0,0.0
46,5,6,0.4121184852417566,0.8414709848078965,4.520701029361642,126.5,6.533061829540727,2.0794415416798357,14.7,4.2626798770413155,3.6,0.0,0.0
47,6,6,0.6569865987187891,0.8414709848078965,4.55597994179732,62.3,6.095599311839989,2.4849066497880004,23.0,3.6109179126442243,3.1,0.0,0.0
48,4,4,0.1411200080598672,0.8414709848078965,4.4796069630127455,23.9,4.185098925490565,1.62924053973028,11.8,3.58351893845611,1.8,0.0,0.0
49,4,4,0.1411200080598672,0.8414709848078965,4.484131857611035,52.2,4.6520537718869415,1.791759469228055,11.0,3.8501476017100584,5.8,0.0,0.0
50,4,4,0.4121184852417566,-0.7568024953079282,4.542230386214217,137.0,6.56159627677138,2.322387720290225,20.8,2.8903717578961645,1.3,0.0,0.0
51,4,3,0.9893582466233818,0.6569865987187891,4.513054897080286,99.6,6.4492057997815175,1.9878743481543455,21.5,3.5553480614894135,2.2,0.0,0.0
52,4,3,0.9893582466233818,0.1411200080598672,4.533674184283021,111.2,6.48478789573783,2.3608540011180215,20.4,3.7612001156935624,4.9,0.0,0.0
53,4,3,0.9893582466233818,0.1411200080598672,4.533674184283021,111.2,6.48478789573783,2.3608540011180215,20.4,3.7612001156935624,4.9,0.0,0.0
54,4,3,0.9893582466233818,-0.7568024953079282,4.529368472571809,114.3,6.495718625490934,1.9878743481543455,17.6,3.828641396489095,3.6,0.0,0.0
55,4,3,0.4121184852417566,-0.7568024953079282,4.542230386214217,137.0,6.56159627677138,2.322387720290225,27.7,3.2188758248682006,2.2,0.0,0.0
56,4,3,0.4121184852417566,0.9092974268256817,4.514150787600923,80.7,6.59468702013994,1.9878743481543455,17.8,4.1588830833596715,4.9,0.0,0.0
57,4,3,-0.5440211108893698,0.6569865987187891,4.539030383483547,46.5,6.540741357248225,2.2823823856765264,13.8,3.9318256327243257,2.7,0.0,0.0
58,2,2,0.9092974268256817,0.8414709848078965,4.442651256490317,9.3,3.5553480614894135,1.1314021114911006,13.9,3.713572066704308,5.4,0.0,0.0
59,2,2,0.9092974268256817,-0.9589242746631385,4.472780997942346,13.2,3.784189633918261,1.840549633397487,12.3,3.9512437185814275,0.9,0.0,0.0
60,2,2,0.1411200080598672,0.6569865987187891,4.5031374604229395,51.3,4.636668853047462,2.3608540011180215,11.5,3.6888794541139363,5.8,0.0,0.0
61,2,2,0.1411200080598672,0.6569865987187891,4.5031374604229395,51.3,4.636668853047462,2.3608540011180215,5.5,4.0943445622221,6.3,0.0,0.0
62,2,2,0.9893582466233818,-0.7568024953079282,4.543294782270004,75.3,6.147613229597914,2.163323025660538,18.8,3.58351893845611,4.9,0.0,0.0
63,2,2,0.9893582466233818,0.6569865987187891,4.513054897080286,99.6,6.4492057997815175,1.9878743481543455,20.8,3.5263605246161616,2.7,0.0,0.0
64,2,2,0.9893582466233818,0.8414709848078965,4.522874943261261,103.2,6.461155627515417,1.916922612182061,23.1,3.4657359027997265,3.1,0.0,0.0
65,2,2,0.9893582466233818,-0.7568024953079282,4.529368472571809,114.3,6.495718625490934,1.9878743481543455,18.6,3.8066624897703196,4.5,0.0,0.0
66,2,2,0.4121184852417566,-0.9589242746631385,4.536891345234797,117.9,6.505784060128229,2.580216829592325,23.0,3.6375861597263857,4.5,0.0,0.0
67,2,2,0.4121184852417566,-0.9589242746631385,4.536891345234797,117.9,6.505784060128229,2.580216829592325,19.6,3.5263605246161616,5.4,0.0,0.0
68,2,2,0.4121184852417566,-0.9589242746631385,4.536891345234797,117.9,6.505784060128229,2.580216829592325,19.6,3.5263605246161616,6.3,0.0,0.0
69,4,5,0.1411200080598672,-0.9589242746631385,4.529368472571809,33.3,4.363098624788363,2.302585092994046,17.2,3.295836866004329,4.5,0.0,0.0
70,4,5,0.1411200080598672,-0.9589242746631385,4.523960130562548,48.3,4.593097604753822,2.6026896854443837,15.8,3.332204510175204,7.6,0.0,0.0
71,4,5,0.4121184852417566,-0.9589242746631385,4.557029810660157,85.1,6.541462805948445,2.8273136219290276,17.7,3.6375861597263857,3.6,0.0,0.0
72,5,4,0.1411200080598672,-0.9589242746631385,4.529368472571809,33.3,4.363098624788363,2.302585092994046,15.6,3.258096538021482,6.3,0.0,0.0
73,5,4,0.9893582466233818,0.9092974268256817,4.497584975308154,147.3,6.4224349456245085,2.302585092994046,17.3,3.784189633918261,4.5,0.0,0.0
74,5,4,0.4121184852417566,-0.9589242746631385,4.546481189639412,141.2,6.572142672772806,2.7013612129514133,27.6,3.4339872044851463,1.3,0.0,0.0
75,9,9,0.9092974268256817,-0.7568024953079282,4.44500143383527,6.8,3.3178157727231046,2.163323025660538,6.7,4.382026634673881,3.1,0.0,0.0
76,9,9,0.9092974268256817,-0.9589242746631385,4.472780997942346,13.2,3.784189633918261,1.840549633397487,15.7,3.784189633918261,3.1,0.0,0.0
77,1,3,0.1411200080598672,0.8414709848078965,4.484131857611035,52.2,4.6520537718869415,1.791759469228055,8.3,4.290459441148391,3.1,0.0,0.0
78,1,2,0.9893582466233818,-0.9589242746631385,4.511957804265912,108.0,6.274385302458052,2.6026896854443837,14.7,4.204692619390966,2.7,0.0,0.0
79,1,2,0.9893582466233818,0.9092974268256817,4.5217885770490405,121.2,6.332568896055757,2.0794415416798357,21.6,2.995732273553991,6.7,0.0,0.0
80,1,2,0.9893582466233818,0.6569865987187891,4.526126978647638,142.4,6.400921676485684,2.451005098112319,19.5,3.6888794541139363,6.3,0.0,0.0
81,1,2,0.9893582466233818,0.6569865987187891,4.513054897080286,99.6,6.4492057997815175,1.9878743481543455,17.9,3.8066624897703196,2.2,0.0,0.0
82,1,2,0.9893582466233818,0.9092974268256817,4.562262684976814,108.3,6.474045005433671,2.8903717578961645,18.6,3.9512437185814275,4.5,0.0,0.0
83,1,2,0.9893582466233818,0.1411200080598672,4.533674184283021,111.2,6.48478789573783,2.3608540011180215,16.6,3.871201010907891,0.9,0.0,0.0
84,1,2,0.9893582466233818,-0.7568024953079282,4.529368472571809,114.3,6.495718625490934,1.9878743481543455,20.2,3.828641396489095,3.6,0.0,0.0
85,1,2,0.4121184852417566,-0.7568024953079282,4.542230386214217,137.0,6.56159627677138,2.322387720290225,21.5,2.772588722239781,0.9,0.0,0.0
86,1,2,0.4121184852417566,-0.7568024953079282,4.542230386214217,137.0,6.56159627677138,2.322387720290225,25.4,3.332204510175204,2.2,0.0,0.0
87,1,2,0.4121184852417566,-0.7568024953079282,4.542230386214217,137.0,6.56159627677138,2.322387720290225,22.4,3.5553480614894135,2.2,0.0,0.0
88,1,2,0.4121184852417566,0.6569865987187891,4.548599834499697,149.3,6.592496438760121,2.2082744135228043,25.3,3.6109179126442243,3.6,0.0,0.0
89,6,5,0.1411200080598672,-0.27941549819892586,4.529368472571809,35.8,4.404277243608702,2.174751721484161,17.4,3.258096538021482,4.9,0.0,0.0
90,6,5,0.9893582466233818,-0.27941549819892586,4.513054897080286,96.9,6.438071598547322,2.2925347571405443,14.7,4.0943445622221,5.8,0.0,0.0
91,8,6,0.1411200080598672,-0.9589242746631385,4.529368472571809,35.8,4.404277243608702,2.174751721484161,17.4,3.2188758248682006,5.4,0.0,0.0
92,8,6,0.9893582466233818,0.6569865987187891,4.535820107853298,85.3,6.192362489474872,2.7536607123542622,20.8,3.4965075614664802,6.3,0.0,0.0
93,8,6,0.9893582466233818,0.6569865987187891,4.526126978647638,142.4,6.400921676485684,2.451005098112319,18.2,3.784189633918261,4.9,0.0,0.0
94,8,6,0.9893582466233818,0.8414709848078965,4.522874943261261,103.2,6.461155627515417,1.916922612182061,23.4,3.1354942159291497,2.7,0.0,0.0
95,4,4,0.4121184852417566,0.6569865987187891,4.507557357121091,90.0,6.558765017801951,1.7578579175523736,17.8,4.174387269895637,1.3,0.0,0.0
96,3,4,0.9092974268256817,-0.27941549819892586,4.441474093317302,8.0,3.4404180948154366,1.2809338454620642,12.7,3.8918202981106265,1.8,0.0,0.0
97,3,4,0.1411200080598672,-0.27941549819892586,4.248495242049359,2.4,2.803360380906535,0.5306282510621704,17.4,3.2188758248682006,5.4,0.0,0.0
98,3,4,0.9893582466233818,0.6569865987187891,4.526126978647638,142.4,6.400921676485684,2.451005098112319,11.6,4.477336814478207,4.5,0.0,0.0
99,3,4,0.9893582466233818,0.6569865987187891,4.526126978647638,142.4,6.400921676485684,2.451005098112319,19.8,3.6888794541139363,5.4,0.0,0.0
100,3,4,0.9893582466233818,0.6569865987187891,4.526126978647638,142.4,6.400921676485684,2.451005098112319,19.8,3.6888794541139363,5.4,0.0,0.0
101,3,4,0.9893582466233818,0.9092974268256817,4.497584975308154,147.3,6.4224349456245085,2.302585092994046,14.4,4.204692619390966,5.4,0.0,0.0
102,2,4,0.9893582466233818,0.9092974268256817,4.562262684976814,108.3,6.474045005433671,2.8903717578961645,20.1,3.713572066704308,4.0,0.0,0.0
103,2,4,0.4121184852417566,-0.27941549819892586,4.537961436294641,121.1,6.515305107951467,2.2617630984737906,24.1,3.4011973816621555,4.5,0.0,0.0
104,2,4,0.8414709848078965,-0.27941549819892586,4.420044701861403,3.7,2.33214389523559,1.3609765531356006,5.3,4.3694478524670215,3.1,0.0,0.0
105,4,5,0.1411200080598672,-0.9589242746631385,4.464758032271346,19.5,4.065602093356446,1.33500106673234,12.7,3.970291913552122,6.3,0.0,0.0
106,4,5,0.1411200080598672,-0.7568024953079282,4.526126978647638,30.7,4.321480134805848,2.1400661634962708,18.2,3.4011973816621555,3.1,0.0,0.0
107,4,5,0.9893582466233818,0.6569865987187891,4.513054897080286,99.6,6.4492057997815175,1.9878743481543455,21.4,3.5263605246161616,3.1,0.0,0.0
108,4,5,0.4121184852417566,-0.27941549819892586,4.537961436294641,88.0,6.550508743144447,2.0918640616783932,20.3,3.828641396489095,3.1,0.0,0.0
109,4,5,0.4121184852417566,0.8414709848078965,4.4953553199808844,91.8,6.566531772935438,2.0918640616783932,17.4,4.04305126783455,5.4,0.0,0.0
110,4,4,0.1411200080598672,-0.9589242746631385,4.464758032271346,19.5,4.065602093356446,1.33500106673234,13.7,3.784189633918261,5.8,0.0,0.0
111,3,4,0.1411200080598672,-0.9589242746631385,4.529368472571809,33.3,4.363098624788363,2.302585092994046,18.8,2.9444389791664403,4.5,0.0,0.0
112,3,4,0.4121184852417566,0.6569865987187891,4.507557357121091,90.0,6.558765017801951,1.7578579175523736,22.8,3.6888794541139363,3.6,0.0,0.0
113,3,4,0.4121184852417566,0.8414709848078965,4.530446639792155,78.5,6.586585362369367,2.322387720290225,18.9,3.58351893845611,2.7,0.0,0.0
114,3,4,0.1411200080598672,0.9092974268256817,4.489759334476764,25.7,4.22829253473184,1.5686159179138452,15.8,3.332204510175204,7.6,0.0,0.0
115,3,5,0.1411200080598672,0.9092974268256817,4.489759334476764,25.7,4.22829253473184,1.5686159179138452,15.5,3.332204510175204,6.3,0.0,0.0
116,3,4,0.1411200080598672,-0.27941549819892586,4.529368472571809,35.8,4.404277243608702,2.174751721484161,11.6,3.4339872044851463,6.3,0.0,0.0
117,3,4,0.1411200080598672,-0.27941549819892586,4.529368472571809,35.8,4.404277243608702,2.174751721484161,15.2,3.332204510175204,4.9,0.0,0.0
118,3,4,0.1411200080598672,0.8414709848078965,4.511957804265912,39.7,4.472780997942346,1.9740810260220096,10.6,3.4339872044851463,4.0,0.0,0.0
119,3,4,0.9893582466233818,-0.7568024953079282,4.543294782270004,75.3,6.147613229597914,2.163323025660538,19.6,3.6109179126442243,3.1,0.0,0.0
120,3,4,0.9893582466233818,0.8414709848078965,4.52720864451838,145.4,6.412146621021007,2.4595888418037104,10.3,4.31748811353631,2.2,0.0,0.0
121,3,4,0.9893582466233818,0.8414709848078965,4.52720864451838,145.4,6.412146621021007,2.4595888418037104,17.1,3.784189633918261,5.4,0.0,0.0
122,3,4,0.4121184852417566,0.6569865987187891,4.536891345234797,124.1,6.52458967836874,2.2512917986064953,22.5,3.7612001156935624,5.4,0.0,0.0
123,3,4,0.4121184852417566,0.9092974268256817,4.447346100794524,73.4,6.511596730194272,1.4350845252893227,17.9,3.828641396489095,3.1,0.0,0.0
124,3,4,0.4121184852417566,-0.9589242746631385,4.557029810660157,85.1,6.541462805948445,2.8273136219290276,19.8,3.9318256327243257,5.4,0.0,0.0
125,3,4,-0.5440211108893698,0.6569865987187891,4.539030383483547,46.5,6.540741357248225,2.2823823856765264,20.6,3.2188758248682006,5.4,0.0,0.0
126,3,5,0.1411200080598672,0.8414709848078965,4.484131857611035,52.2,4.6520537718869415,1.791759469228055,9.0,3.912023005428146,2.2,0.0,0.0
127,3,5,0.4121184852417566,-0.9589242746631385,4.548599834499697,149.3,6.592496438760121,2.2082744135228043,17.2,3.784189633918261,3.1,0.0,0.0
128,3,5,-0.5440211108893698,0.1411200080598672,4.526126978647638,37.9,6.514416350671813,1.824549292051046,15.9,3.8501476017100584,3.6,0.0,0.0
129,2,5,-0.5440211108893698,0.6569865987187891,4.539030383483547,46.5,6.540741357248225,2.2823823856765264,15.4,3.58351893845611,0.9,0.0,0.0
130,4,6,0.9092974268256817,-0.27941549819892586,4.237000862623624,21.5,4.4796069630127455,0.5877866649021191,15.4,3.713572066704308,2.7,0.0,0.0
131,4,6,0.1411200080598672,0.8414709848078965,4.4796069630127455,23.9,4.185098925490565,1.62924053973028,14.0,3.6888794541139363,3.1,0.0,0.0
132,4,6,0.1411200080598672,0.6569865987187891,4.5031374604229395,51.3,4.636668853047462,2.3608540011180215,10.6,3.8501476017100584,4.9,0.0,0.0
133,4,6,0.4121184852417566,-0.7568024953079282,4.550714000192032,80.9,6.53116913042435,2.9391619220655967,17.6,3.7612001156935624,3.1,0.0,0.0
134,3,5,0.1411200080598672,0.9092974268256817,4.489759334476764,25.7,4.22829253473184,1.5686159179138452,14.9,3.6635616461296463,2.7,0.0,0.0
135,3,5,0.9893582466233818,-0.27941549819892586,4.548599834499697,139.4,6.388897483518882,3.0587070727153796,17.6,3.970291913552122,5.8,0.0,0.0
136,3,6,0.4121184852417566,0.6569865987187891,4.536891345234797,124.1,6.52458967836874,2.2512917986064953,17.2,4.07753744390572,1.3,0.0,0.0
137,3,6,0.4121184852417566,0.8414709848078965,4.520701029361642,126.5,6.533061829540727,2.0794415416798357,15.6,4.204692619390966,3.1,0.0,0.0
138,9,9,0.6569865987187891,0.9092974268256817,4.463606621666305,48.3,5.7506660605550515,1.589235205116581,18.0,3.7612001156935624,2.7,0.0,0.3074846997479606
139,1,4,0.4121184852417566,0.9092974268256817,4.5217885770490405,129.5,6.541895425466332,2.0794415416798357,21.7,3.6635616461296463,2.2,0.0,0.35767444427181594
140,2,5,0.4121184852417566,0.8414709848078965,4.520701029361642,126.5,6.533061829540727,2.0794415416798357,21.9,3.6888794541139363,1.8,0.0,0.3852624007906449
141,1,2,0.9893582466233818,0.1411200080598672,4.56954300834494,99.9,6.24280675278087,2.653241964607215,23.3,3.4657359027997265,4.5,0.0,0.4382549309311553
142,8,6,0.9893582466233818,-0.9589242746631385,4.511957804265912,108.0,6.274385302458052,2.6026896854443837,21.2,3.9512437185814275,8.9,0.0,0.4762341789963716
143,1,2,0.6569865987187891,-0.27941549819892586,4.51085950651685,51.3,5.694741730004052,2.272125885509337,16.6,3.9889840465642745,5.4,0.0,0.5364933705145685
144,2,5,0.9893582466233818,0.1411200080598672,4.56954300834494,99.9,6.24280675278087,2.653241964607215,23.8,3.4965075614664802,5.4,0.0,0.5709795465857378
145,6,5,0.9893582466233818,-0.7568024953079282,4.566429357671661,131.7,6.362683216487555,2.4336133554004498,27.4,3.1354942159291497,4.0,0.0,0.6418538861723948
146,5,4,0.1411200080598672,0.8414709848078965,4.511957804265912,39.7,4.472780997942346,1.9740810260220096,13.2,3.713572066704308,5.4,0.0,0.6678293725756554
147,8,3,0.4121184852417566,0.9092974268256817,4.447346100794524,73.4,6.511596730194272,1.4350845252893227,24.2,3.367295829986474,3.6,0.0,0.6729444732424258
148,2,2,0.9893582466233818,0.9092974268256817,4.562262684976814,108.3,6.474045005433671,2.8903717578961645,17.4,3.784189633918261,6.7,0.0,0.7275486072772778
149,8,6,0.4121184852417566,-0.7568024953079282,4.550714000192032,80.9,6.53116913042435,2.9391619220655967,23.7,3.258096538021482,4.5,0.0,0.7514160886839212
150,6,5,-0.27941549819892586,-0.9589242746631385,4.537961436294641,56.4,6.073735539540777,2.0918640616783932,23.2,3.6888794541139363,5.4,0.0,0.7839015438284094
151,9,9,0.6569865987187891,0.6569865987187891,4.511957804265912,68.6,5.875492370855561,2.1041341542702074,24.8,3.4011973816621555,2.2,0.0,0.8586616190375187
152,3,4,0.6569865987187891,-0.27941549819892586,4.511957804265912,51.2,6.052324435364745,1.9740810260220096,24.6,3.784189633918261,1.8,0.0,0.8878912573524571
153,5,4,0.4121184852417566,-0.9589242746631385,4.557029810660157,85.1,6.541462805948445,2.8273136219290276,20.1,3.871201010907891,4.9,0.0,0.9001613499442714
154,1,5,0.4121184852417566,-0.27941549819892586,4.547541073151455,145.4,6.582579002102776,2.2082744135228043,29.6,3.332204510175204,2.7,0.0,0.9001613499442714
155,7,4,0.9893582466233818,0.6569865987187891,4.562262684976814,108.3,6.474045005433671,2.8903717578961645,16.4,3.871201010907891,1.3,0.0,0.9400072584914712
156,2,4,0.4121184852417566,-0.27941549819892586,4.547541073151455,145.4,6.582579002102776,2.2082744135228043,28.6,3.332204510175204,2.2,0.0,0.959350221334602
157,2,2,0.9893582466233818,0.1411200080598672,4.533674184283021,111.2,6.48478789573783,2.3608540011180215,18.4,3.828641396489095,3.6,0.0,0.9669838461896731
158,2,4,0.9893582466233818,0.1411200080598672,4.533674184283021,111.2,6.48478789573783,2.3608540011180215,20.5,3.58351893845611,4.0,0.0,0.9707789171582248
159,7,4,0.4121184852417566,-0.9589242746631385,4.536891345234797,117.9,6.505784060128229,2.580216829592325,19.0,3.5553480614894135,5.8,0.0,0.9895411936137477
160,7,4,0.1411200080598672,0.8414709848078965,4.511957804265912,39.7,4.472780997942346,1.9740810260220096,16.1,3.4011973816621555,3.1,0.0,1.0116009116784799
161,6,4,0.9893582466233818,-0.7568024953079282,4.566429357671661,131.7,6.362683216487555,2.4336133554004498,20.3,3.7376696182833684,4.0,0.0,1.0647107369924282
162,6,3,0.1411200080598672,-0.27941549819892586,4.517431271680085,50.1,4.619073091157083,2.174751721484161,15.2,3.4657359027997265,8.5,0.0,1.0784095813505903
163,8,6,0.4121184852417566,-0.27941549819892586,4.537961436294641,121.1,6.515305107951467,2.2617630984737906,17.8,4.04305126783455,1.8,0.0,1.0818051703517284
164,8,5,0.4121184852417566,0.6569865987187891,4.507557357121091,90.0,6.558765017801951,1.7578579175523736,17.8,4.219507705176107,2.2,0.0,1.1019400787607843
165,6,5,0.1411200080598672,-0.7568024953079282,4.45318382899021,18.2,4.02535169073515,1.3862943611198906,5.3,4.2626798770413155,4.5,0.0,1.144222799920162
166,6,5,0.9893582466233818,0.1411200080598672,4.533674184283021,111.2,6.48478789573783,2.3608540011180215,16.6,3.871201010907891,0.9,0.0,1.1908875647772805
167,6,5,0.9893582466233818,0.1411200080598672,4.574710978503383,127.1,6.348264483234865,2.8622008809294686,23.4,3.5263605246161616,4.5,0.0,1.2556160374777743
168,6,5,0.1411200080598672,-0.9589242746631385,4.523960130562548,48.3,4.593097604753822,2.6026896854443837,14.6,3.295836866004329,9.4,0.0,1.2612978709452054
169,8,6,0.9893582466233818,-0.7568024953079282,4.566429357671661,131.7,6.362683216487555,2.4336133554004498,20.7,3.828641396489095,2.2,0.0,1.2669476034873244
170,5,4,0.4121184852417566,0.1411200080598672,4.542230386214217,133.3,6.551937110763387,2.322387720290225,21.9,3.58351893845611,1.8,0.0,1.2725655957915476
171,8,6,0.9893582466233818,0.1411200080598672,4.461299815568389,90.4,6.414442080300778,2.028148247292285,17.4,3.9318256327243257,4.0,0.0,1.3056264580524357
172,7,4,0.9893582466233818,0.6569865987187891,4.526126978647638,142.4,6.400921676485684,2.451005098112319,20.1,3.6888794541139363,5.4,0.0,1.3190856114264407
173,4,4,0.4121184852417566,0.8414709848078965,4.520701029361642,126.5,6.533061829540727,2.0794415416798357,17.7,3.6888794541139363,2.2,0.0,1.4036429994545037
174,1,4,0.9893582466233818,-0.27941549819892586,4.513054897080286,96.9,6.438071598547322,2.2925347571405443,14.2,3.9889840465642745,1.8,0.0,1.5040773967762742
175,1,4,0.9893582466233818,-0.27941549819892586,4.513054897080286,96.9,6.438071598547322,2.2925347571405443,20.3,3.6888794541139363,4.9,0.0,1.7101878155342434
176,6,5,-0.7568024953079282,-0.7568024953079282,4.412798293340635,9.1,4.028916756899646,1.308332819650179,5.8,4.007333185232471,5.8,0.0,1.724550719534605
177,2,5,0.9893582466233818,0.6569865987187891,4.513054897080286,99.6,6.4492057997815175,1.9878743481543455,19.2,3.8066624897703196,2.7,0.0,1.7387102481382397
178,2,5,0.4121184852417566,0.1411200080598672,4.511957804265912,82.9,6.602180753688768,1.9740810260220096,18.3,3.828641396489095,2.2,0.0,1.7715567619105355
179,8,6,0.9893582466233818,0.9092974268256817,4.497584975308154,147.3,6.4224349456245085,2.302585092994046,14.4,4.204692619390966,5.4,0.0,1.8293763327993617
180,1,3,0.4121184852417566,0.6569865987187891,4.536891345234797,124.1,6.52458967836874,2.2512917986064953,23.9,3.4965075614664802,6.7,0.0,1.8453002361560848
181,8,6,-0.5440211108893698,0.8414709848078965,4.45318382899021,32.8,6.500087747318773,1.3862943611198906,19.1,3.4965075614664802,4.0,0.0,1.8625285401162623
182,5,4,0.9092974268256817,0.6569865987187891,4.475061500641071,15.6,3.8979240810486444,1.589235205116581,12.4,3.9889840465642745,2.2,0.0,1.998773638612381
183,7,4,-0.5440211108893698,0.8414709848078965,4.529368472571809,48.5,6.546928872492353,2.4932054526026954,16.8,3.828641396489095,4.5,0.0,2.057962510002712
184,8,6,0.9893582466233818,-0.9589242746631385,4.552823705615882,135.7,6.376216613618605,2.7788192719904172,20.8,3.5553480614894135,4.9,0.0,2.0744289998562917
185,2,5,0.4121184852417566,0.9092974268256817,4.5217885770490405,129.5,6.541895425466332,2.0794415416798357,17.6,3.8501476017100584,3.1,0.0,2.0844290831908747
186,8,6,0.1411200080598672,0.6569865987187891,4.5031374604229395,51.3,4.636668853047462,2.3608540011180215,11.5,3.6888794541139363,5.8,0.0,2.1029138978649784
187,1,5,0.4121184852417566,0.8414709848078965,4.520701029361642,126.5,6.533061829540727,2.0794415416798357,21.0,3.7612001156935624,2.2,0.0,2.1162555148025524
188,6,4,0.1411200080598672,-0.27941549819892586,4.519612297626445,41.9,4.504244267398131,2.186051276738094,13.3,3.7612001156935624,0.9,0.0,2.128231705849268
189,7,4,0.1411200080598672,0.6569865987187891,4.51852237926242,44.0,4.536891345234797,1.8718021769015913,11.5,4.110873864173311,4.0,0.0,2.2235418856535927
190,6,5,0.1411200080598672,-0.9589242746631385,4.523960130562548,48.3,4.593097604753822,2.6026896854443837,11.7,3.5263605246161616,4.0,0.0,2.231089091288976
191,2,5,0.9893582466233818,-0.7568024953079282,4.566429357671661,131.7,6.362683216487555,2.4336133554004498,24.2,3.367295829986474,2.7,0.0,2.2700619012884857
192,2,2,0.9893582466233818,0.9092974268256817,4.562262684976814,108.3,6.474045005433671,2.8903717578961645,24.6,3.1354942159291497,4.5,0.0,2.2731562823032334
193,4,5,0.4121184852417566,0.1411200080598672,4.542230386214217,133.3,6.551937110763387,2.322387720290225,24.3,3.258096538021482,4.0,0.0,2.3427668826268775
194,2,2,0.9893582466233818,0.9092974268256817,4.562262684976814,108.3,6.474045005433671,2.8903717578961645,24.6,3.1354942159291497,4.5,0.0,2.3988039507345884
195,2,5,0.9893582466233818,-0.9589242746631385,4.552823705615882,135.7,6.376216613618605,2.7788192719904172,23.5,3.6109179126442243,5.4,0.0,2.3997118037247684
196,6,5,-0.7568024953079282,-0.7568024953079282,4.412798293340635,9.1,4.028916756899646,1.308332819650179,5.8,4.007333185232471,5.8,0.0,2.4790562361098245
197,4,5,0.4121184852417566,-0.7568024953079282,4.542230386214217,137.0,6.56159627677138,2.322387720290225,21.5,2.772588722239781,0.9,0.0,2.4898941912990393
198,3,4,0.4121184852417566,0.9092974268256817,4.5217885770490405,129.5,6.541895425466332,2.0794415416798357,13.9,4.0943445622221,6.3,0.0,2.50470927708418
199,2,4,0.4121184852417566,0.8414709848078965,4.1666652238017265,70.8,6.501740019568492,0.5877866649021191,22.6,3.6635616461296463,3.6,0.0,2.511223958105374
200,1,5,0.4121184852417566,0.9092974268256817,4.5217885770490405,129.5,6.541895425466332,2.0794415416798357,21.6,3.5263605246161616,2.2,0.0,2.528125768907977
201,6,5,0.1411200080598672,0.6569865987187891,4.511957804265912,37.6,4.439115601658009,2.1041341542702074,12.4,4.007333185232471,3.6,0.0,2.5726122302071057
202,7,4,0.9092974268256817,0.6569865987187891,4.441474093317302,8.7,3.4995332823830174,1.1314021114911006,8.8,4.23410650459726,2.2,0.0,2.642622395779755
203,8,6,-0.5440211108893698,0.1411200080598672,4.526126978647638,37.9,6.514416350671813,1.824549292051046,20.2,3.6375861597263857,2.7,0.0,2.6878474937846906
204,5,6,0.1411200080598672,-0.27941549819892586,4.517431271680085,50.1,4.619073091157083,2.174751721484161,15.1,4.174387269895637,4.0,0.0,2.7073833121145063
205,4,5,0.4121184852417566,-0.7568024953079282,4.542230386214217,137.0,6.56159627677138,2.322387720290225,22.1,3.5553480614894135,1.8,0.0,2.745345985845907
206,2,2,0.9893582466233818,-0.27941549819892586,4.548599834499697,139.4,6.388897483518882,3.0587070727153796,22.9,3.4657359027997265,7.2,0.0,2.800325477211381
207,7,5,0.4121184852417566,0.9092974268256817,4.5217885770490405,129.5,6.541895425466332,2.0794415416798357,20.7,3.6375861597263857,2.2,0.0,2.9014215940827497
208,6,5,0.4121184852417566,-0.9589242746631385,4.536891345234797,117.9,6.505784060128229,2.580216829592325,19.6,3.5263605246161616,6.3,0.0,3.007166651179654
209,8,3,0.4121184852417566,-0.7568024953079282,4.550714000192032,80.9,6.53116913042435,2.9391619220655967,23.2,3.295836866004329,4.9,0.0,3.1949928844048685
210,4,4,-0.5440211108893698,-0.27941549819892586,4.517431271680085,43.7,6.533643478531968,2.0412203288596382,18.4,3.258096538021482,3.1,0.0,3.2280337626529665
211,7,4,0.9893582466233818,-0.27941549819892586,4.548599834499697,139.4,6.388897483518882,3.0587070727153796,5.1,4.574710978503383,5.8,0.0,3.295836866004329
212,7,4,0.4121184852417566,-0.9589242746631385,4.557029810660157,85.1,6.541462805948445,2.8273136219290276,20.1,3.871201010907891,4.9,0.0,3.3006401266708405
213,7,3,0.1411200080598672,0.8414709848078965,4.484131857611035,52.2,4.6520537718869415,1.791759469228055,11.0,3.8501476017100584,5.8,0.0,3.3446270301737613
214,4,4,0.1411200080598672,-0.27941549819892586,4.529368472571809,35.8,4.404277243608702,2.174751721484161,17.0,3.332204510175204,4.9,0.0,3.389799336709786
215,4,4,0.1411200080598672,-0.27941549819892586,4.529368472571809,35.8,4.404277243608702,2.174751721484161,17.0,3.332204510175204,4.9,0.0,3.389799336709786
216,4,4,0.4121184852417566,0.6569865987187891,4.536891345234797,124.1,6.52458967836874,2.2512917986064953,16.9,4.110873864173311,1.3,0.0,3.4170707308184456
217,1,3,0.4121184852417566,0.8414709848078965,4.4953553199808844,91.8,6.566531772935438,2.0918640616783932,12.4,4.30406509320417,6.3,0.0,3.4442568711226023
218,4,5,0.4121184852417566,0.1411200080598672,4.542230386214217,133.3,6.551937110763387,2.322387720290225,19.4,2.995732273553991,1.3,0.0,3.487986511734546
219,6,5,0.1411200080598672,0.8414709848078965,4.511957804265912,39.7,4.472780997942346,1.9740810260220096,15.2,3.332204510175204,3.1,0.0,3.492256112609122
220,8,6,0.9893582466233818,0.6569865987187891,4.513054897080286,99.6,6.4492057997815175,1.9878743481543455,16.2,4.0943445622221,3.1,0.0,3.4986265269937014
221,3,4,0.4121184852417566,-0.9589242746631385,4.546481189639412,141.2,6.572142672772806,2.7013612129514133,18.6,3.912023005428146,3.6,0.0,3.607669398688393
222,4,3,0.1411200080598672,0.8414709848078965,4.484131857611035,52.2,4.6520537718869415,1.791759469228055,11.0,3.8501476017100584,5.8,0.0,3.6336309798834576
223,2,2,0.6569865987187891,-0.9589242746631385,4.492001487882454,150.3,5.739471317064708,2.0541237336955462,13.4,4.382026634673881,3.6,0.0,3.6381123370602833
224,7,4,0.4121184852417566,0.1411200080598672,4.511957804265912,82.9,6.602180753688768,1.9740810260220096,15.4,4.060443010546419,4.5,0.0,3.6560979645895566
225,4,4,0.4121184852417566,0.6569865987187891,4.548599834499697,149.3,6.592496438760121,2.2082744135228043,22.9,3.6888794541139363,4.9,0.0,3.902982260775997
226,7,5,-0.5440211108893698,0.8414709848078965,4.529368472571809,48.5,6.546928872492353,2.4932054526026954,16.1,3.8066624897703196,4.0,0.0,3.9193957597575593
227,8,6,0.9893582466233818,-0.27941549819892586,4.534747721691546,81.8,6.177529090180771,2.5572273113676265,20.1,3.5553480614894135,4.5,0.0,4.08260930600368
228,4,6,0.4121184852417566,0.6569865987187891,4.548599834499697,149.3,6.592496438760121,2.2082744135228043,28.3,3.295836866004329,3.1,0.0,4.175924549214524
229,8,6,0.9893582466233818,-0.27941549819892586,4.534747721691546,81.8,6.177529090180771,2.5572273113676265,16.4,3.784189633918261,4.0,0.0,4.280824129164719
230,4,4,0.4121184852417566,0.1411200080598672,4.542230386214217,133.3,6.551937110763387,2.322387720290225,26.4,3.091042453358316,4.5,0.0,4.494126887194767
231,1,5,0.4121184852417566,0.6569865987187891,4.548599834499697,149.3,6.592496438760121,2.2082744135228043,27.8,3.332204510175204,3.1,0.0,4.566221435849517
232,6,4,0.4121184852417566,0.9092974268256817,4.5217885770490405,129.5,6.541895425466332,2.0794415416798357,18.7,3.784189633918261,2.7,0.0,4.648133885420207
233,9,4,0.4121184852417566,0.9092974268256817,4.447346100794524,73.4,6.511596730194272,1.4350845252893227,24.3,3.6109179126442243,3.1,0.0,4.669646205172456
234,4,5,0.4121184852417566,-0.27941549819892586,4.537961436294641,121.1,6.515305107951467,2.2617630984737906,17.7,3.258096538021482,3.1,0.0,5.049086480470509
235,8,6,0.9893582466233818,0.6569865987187891,4.526126978647638,142.4,6.400921676485684,2.451005098112319,19.6,3.7376696182833684,5.8,0.0,5.285637313390662
236,2,2,0.4121184852417566,-0.27941549819892586,4.537961436294641,121.1,6.515305107951467,2.2617630984737906,18.2,3.8501476017100584,1.8,0.0,5.307970623576175
237,1,2,0.4121184852417566,0.9092974268256817,4.5217885770490405,129.5,6.541895425466332,2.0794415416798357,18.8,3.713572066704308,2.2,0.0,5.365415110080531
238,6,5,0.4121184852417566,-0.27941549819892586,4.537961436294641,121.1,6.515305107951467,2.2617630984737906,25.1,3.332204510175204,4.0,0.0,6.995619625423205
239,7,5,-0.7568024953079282,0.6569865987187891,4.417635062141249,3.0,2.186051276738094,1.5040773967762742,13.4,4.330733340286331,1.8,0.0,0.0
240,6,3,-0.7568024953079282,0.1411200080598672,4.48863636973214,17.2,3.7954891891721947,1.5686159179138452,15.2,3.9512437185814275,2.7,0.0,0.0
241,4,4,-0.7568024953079282,-0.9589242746631385,4.430816798843313,23.3,4.457829598089382,1.1939224684724346,16.7,3.044522437723423,3.1,0.0,0.0
242,2,4,0.9893582466233818,0.6569865987187891,4.55597994179732,122.3,6.381646798351629,2.631888840136646,15.4,4.204692619390966,4.0,0.0,2.4096441652874536
243,7,4,0.9893582466233818,0.6569865987187891,4.530446639792155,175.1,6.553505962258243,2.6946271807700692,21.9,4.30406509320417,7.6,0.6931471805599453,0.0
244,2,4,0.9893582466233818,0.6569865987187891,4.530446639792155,175.1,6.553505962258243,2.6946271807700692,22.4,4.007333185232471,7.6,0.0,1.3532545070416904
245,3,4,0.9893582466233818,0.6569865987187891,4.530446639792155,175.1,6.553505962258243,2.6946271807700692,26.8,3.6635616461296463,6.3,0.0,0.5653138090500605
246,5,4,0.9893582466233818,0.6569865987187891,4.530446639792155,175.1,6.553505962258243,2.6946271807700692,25.7,3.6888794541139363,5.4,0.0,0.08617769624105233
247,2,4,0.9893582466233818,0.1411200080598672,4.534747721691546,91.6,6.223766036206958,2.3608540011180215,20.7,4.2626798770413155,2.2,0.0,0.5596157879354227
248,8,6,0.9893582466233818,0.1411200080598672,4.544358046591334,157.3,6.503838970863823,2.6741486494265287,28.7,3.367295829986474,2.7,0.0,0.0
249,3,4,0.9893582466233818,0.1411200080598672,4.544358046591334,157.3,6.503838970863823,2.6741486494265287,21.7,3.713572066704308,0.4,0.0,1.244154593958768
250,8,5,0.9893582466233818,0.1411200080598672,4.544358046591334,157.3,6.503838970863823,2.6741486494265287,26.8,3.258096538021482,3.1,0.0,0.5187937934151675
251,8,5,0.9893582466233818,0.1411200080598672,4.544358046591334,157.3,6.503838970863823,2.6741486494265287,24.0,3.6109179126442243,3.1,0.0,0.2151113796169455
252,6,5,0.9893582466233818,0.1411200080598672,4.544358046591334,157.3,6.503838970863823,2.6741486494265287,22.1,3.6375861597263857,3.6,0.0,0.19062035960864973
253,7,4,0.9893582466233818,-0.7568024953079282,4.531523645819793,109.2,6.339477080468061,2.1972245773362196,21.4,3.6635616461296463,2.7,0.0,0.9242589015233319
254,6,3,0.9893582466233818,-0.7568024953079282,4.528289141652134,138.1,6.434064861878406,1.9878743481543455,18.9,3.7376696182833684,3.1,0.0,2.428336298299606
255,2,5,0.9893582466233818,-0.7568024953079282,4.483002552013883,77.0,6.545062262717842,1.791759469228055,22.3,3.8501476017100584,4.0,0.0,0.0
256,8,6,0.9893582466233818,-0.27941549819892586,4.55597994179732,117.2,6.36664225427769,2.4849066497880004,23.9,3.7376696182833684,2.2,0.0,2.199444334074532
257,4,3,0.9893582466233818,-0.27941549819892586,4.55597994179732,117.2,6.36664225427769,2.4849066497880004,21.4,3.8066624897703196,2.7,0.0,0.5187937934151675
258,3,4,0.9893582466233818,-0.27941549819892586,4.530446639792155,170.9,6.541462805948445,2.6878474937846906,20.6,4.0943445622221,0.9,0.0,0.0
259,7,4,0.9893582466233818,-0.27941549819892586,4.530446639792155,170.9,6.541462805948445,2.6878474937846906,23.7,3.713572066704308,1.8,0.0,0.8671004876833833
260,2,4,0.9893582466233818,0.8414709848078965,4.549657476057832,97.9,6.297109319933935,2.7343675094195836,28.3,3.4965075614664802,4.0,0.0,2.2874714551839976
261,3,4,0.9893582466233818,-0.9589242746631385,4.528289141652134,112.4,6.352629396319567,2.2925347571405443,11.2,4.442651256490317,7.6,0.0,1.4586150226995167
262,2,4,0.9893582466233818,-0.9589242746631385,4.528289141652134,112.4,6.352629396319567,2.2925347571405443,21.4,3.7612001156935624,3.1,0.0,1.6582280766035324
263,6,3,0.9893582466233818,-0.9589242746631385,4.522874943261261,141.1,6.44587853694801,2.0918640616783932,19.3,3.6888794541139363,3.6,0.0,0.9400072584914712
264,4,4,0.9893582466233818,-0.9589242746631385,4.557029810660157,167.6,6.530002609440508,2.6390573296152584,21.8,3.9889840465642745,3.1,0.0,2.020222182019865
265,4,4,0.9893582466233818,0.9092974268256817,4.550714000192032,102.2,6.312279125595638,2.747270914255491,22.1,4.007333185232471,7.6,0.0,0.5822156198526637
266,6,5,0.9893582466233818,0.9092974268256817,4.557029810660157,131.7,6.410339342126064,3.1654750481410856,19.4,4.02535169073515,4.0,0.0,0.15700374880966478
267,2,2,0.9893582466233818,0.9092974268256817,4.533674184283021,152.6,6.491026978595262,2.72785282839839,23.7,3.2188758248682006,3.1,0.0,0.0
268,3,4,0.9893582466233818,0.9092974268256817,4.533674184283021,152.6,6.491026978595262,2.72785282839839,21.0,3.4965075614664802,3.1,0.0,0.0
269,4,4,0.9893582466233818,0.9092974268256817,4.533674184283021,152.6,6.491026978595262,2.72785282839839,19.1,3.9889840465642745,2.7,0.0,1.6863989535702288
270,2,2,0.9893582466233818,0.9092974268256817,4.533674184283021,152.6,6.491026978595262,2.72785282839839,21.8,4.04305126783455,3.1,0.0,0.41871033485818504
271,8,6,0.9893582466233818,0.9092974268256817,4.533674184283021,152.6,6.491026978595262,2.72785282839839,20.1,4.07753744390572,4.5,0.0,2.329227023940467
272,2,5,0.9893582466233818,0.9092974268256817,4.533674184283021,152.6,6.491026978595262,2.72785282839839,20.2,3.871201010907891,4.0,0.0,1.4085449700547104
273,4,6,-0.5365729180004349,0.6569865987187891,4.447346100794524,27.2,5.870708345972182,2.0541237336955462,4.8,4.060443010546419,8.5,0.0,2.300583090323373
274,8,6,-0.5365729180004349,0.1411200080598672,4.442651256490317,27.8,5.8738065036397495,1.840549633397487,5.1,4.127134385045092,8.0,0.0,2.5006159434931803
275,4,6,-0.5365729180004349,-0.7568024953079282,4.449685283147696,26.4,5.8664680569332965,1.0986122886681098,5.1,4.127134385045092,4.9,0.0,1.8531680973566984
276,4,4,-0.5365729180004349,0.8414709848078965,4.45898767581001,25.4,5.859931157146132,1.2809338454620642,4.6,3.091042453358316,8.5,0.0,2.93651291389402
277,3,4,-0.5365729180004349,0.8414709848078965,4.45898767581001,25.4,5.859931157146132,1.2809338454620642,4.6,3.091042453358316,8.5,0.0,2.462149662665384
278,4,4,-0.5365729180004349,0.8414709848078965,4.45898767581001,25.4,5.859931157146132,1.2809338454620642,4.6,3.091042453358316,8.5,0.0,3.136797713832594
279,4,4,-0.5365729180004349,0.8414709848078965,4.45898767581001,25.4,5.859931157146132,1.2809338454620642,4.6,3.091042453358316,8.5,0.0,2.3767644911682972
280,4,6,-0.5365729180004349,-0.9589242746631385,4.450852825603734,26.7,5.868166330763488,1.62924053973028,2.2,4.0943445622221,4.9,0.0,2.329227023940467
281,6,5,-0.5365729180004349,0.9092974268256817,4.45898767581001,25.4,5.859931157146132,1.2809338454620642,5.1,3.2188758248682006,8.5,0.0,3.2492110246642736
282,6,3,0.9092974268256817,0.6569865987187891,4.45318382899021,27.5,5.870708345972182,1.4816045409242156,4.2,3.9512437185814275,4.0,0.0,0.0
283,3,4,0.9092974268256817,0.1411200080598672,4.476199804691132,6.6,2.9806186357439426,1.4350845252893227,8.8,3.58351893845611,3.1,0.0,0.7419373447293773
284,5,4,0.9092974268256817,-0.9589242746631385,4.456670177669648,4.9,2.8213788864092133,1.9878743481543455,7.5,3.8501476017100584,8.0,0.0,3.228430037673012
285,2,5,0.6569865987187891,0.6569865987187891,4.552823705615882,169.7,6.022963214167353,2.5877640352277083,23.4,3.713572066704308,6.3,0.0,0.0
286,7,6,0.6569865987187891,0.1411200080598672,4.523960130562548,183.1,6.083815808172168,2.6026896854443837,12.6,4.51085950651685,7.6,0.18232155679395465,0.0
287,7,4,0.6569865987187891,-0.27941549819892586,4.528289141652134,104.2,6.165207748127065,2.302585092994046,22.1,3.912023005428146,2.7,0.0,0.0
288,7,4,0.6569865987187891,-0.27941549819892586,4.528289141652134,104.2,6.165207748127065,2.302585092994046,24.2,3.4965075614664802,1.8,0.0,0.0
289,7,4,0.6569865987187891,-0.27941549819892586,4.528289141652134,104.2,6.165207748127065,2.302585092994046,24.3,3.4339872044851463,1.8,0.0,0.0
290,2,5,0.6569865987187891,-0.27941549819892586,4.528289141652134,104.2,6.165207748127065,2.302585092994046,18.7,3.9889840465642745,1.8,0.0,0.0
291,9,4,0.6569865987187891,-0.27941549819892586,4.528289141652134,104.2,6.165207748127065,2.302585092994046,25.3,3.6888794541139363,0.9,0.0,2.1972245773362196
292,4,5,0.6569865987187891,-0.9589242746631385,4.528289141652134,100.2,6.14697144970638,1.9878743481543455,22.9,3.713572066704308,1.3,0.0,1.2919836816486494
293,7,6,0.6569865987187891,0.9092974268256817,4.544358046591334,180.4,6.067962518080707,2.4849066497880004,26.9,3.367295829986474,5.4,0.0,4.471067201464611
294,8,6,0.6569865987187891,0.9092974268256817,4.535820107853298,88.8,6.0910836121366945,2.2512917986064953,17.1,4.219507705176107,3.6,0.0,2.0241930674493576
295,7,5,-0.27941549819892586,0.6569865987187891,4.544358046591334,180.4,6.067962518080707,2.4849066497880004,22.2,3.8918202981106265,1.3,0.0,0.0
296,6,4,-0.27941549819892586,0.6569865987187891,4.515245478460105,89.5,5.676068636088686,2.0014800002101243,14.3,3.8501476017100584,1.8,0.0,0.6418538861723948
297,8,6,-0.27941549819892586,0.6569865987187891,4.515245478460105,89.5,5.676068636088686,2.0014800002101243,15.4,3.828641396489095,2.2,0.0,0.0
298,8,6,-0.27941549819892586,0.1411200080598672,4.523960130562548,147.8,5.935423156224357,2.617395832834079,19.6,3.784189633918261,4.9,0.0,0.0
299,6,5,-0.27941549819892586,-0.27941549819892586,3.996364153861897,71.0,5.458734087953942,0.33647223662121295,10.6,4.51085950651685,2.7,0.0,0.0
300,6,5,-0.27941549819892586,0.8414709848078965,4.515245478460105,93.3,5.700777965635902,2.1400661634962708,20.7,3.258096538021482,4.9,0.0,0.0
301,6,5,-0.27941549819892586,0.8414709848078965,4.515245478460105,93.3,5.700777965635902,2.1400661634962708,19.1,3.6888794541139363,5.4,0.0,1.5085119938441398
302,3,6,-0.27941549819892586,-0.9589242746631385,4.522874943261261,94.1,5.4514675460417115,2.0918640616783932,19.2,3.6635616461296463,4.5,0.0,0.0
303,3,6,-0.27941549819892586,-0.9589242746631385,4.522874943261261,94.1,5.4514675460417115,2.0918640616783932,19.2,3.6635616461296463,4.5,0.0,0.0
304,6,5,-0.9589242746631385,-0.27941549819892586,4.455509411433685,28.0,4.743191483885466,1.5040773967762742,11.3,4.553876891600541,4.9,0.0,0.0
305,1,4,0.4121184852417566,0.6569865987187891,4.506454213048934,84.1,6.572702035114338,1.9021075263969205,19.0,3.970291913552122,2.2,0.0,0.0
306,7,4,0.4121184852417566,0.6569865987187891,4.506454213048934,84.1,6.572702035114338,1.9021075263969205,17.1,3.9889840465642745,5.4,0.0,0.3435897043900769
307,3,4,0.4121184852417566,0.6569865987187891,4.506454213048934,84.1,6.572702035114338,1.9021075263969205,23.8,3.58351893845611,3.6,0.0,1.8213182714695995
308,2,4,0.4121184852417566,0.6569865987187891,4.536891345234797,105.8,6.632133521022722,2.388762789235098,16.0,3.828641396489095,1.8,0.0,0.0
309,2,4,0.4121184852417566,0.6569865987187891,4.536891345234797,105.8,6.632133521022722,2.388762789235098,24.9,3.332204510175204,2.2,0.0,0.0
310,7,4,0.4121184852417566,0.6569865987187891,4.536891345234797,105.8,6.632133521022722,2.388762789235098,25.3,3.332204510175204,2.7,0.0,0.0
311,6,3,0.4121184852417566,0.6569865987187891,4.536891345234797,105.8,6.632133521022722,2.388762789235098,24.8,3.367295829986474,1.8,0.0,2.727199019940971
312,2,4,0.4121184852417566,0.6569865987187891,3.9396381724611196,46.2,6.56187896228563,0.33647223662121295,12.2,4.3694478524670215,6.3,0.0,0.0
313,6,5,0.4121184852417566,0.1411200080598672,4.539030383483547,115.4,6.656855050622885,2.2823823856765264,24.3,3.332204510175204,4.9,0.0,0.0
314,4,4,0.4121184852417566,0.1411200080598672,4.539030383483547,115.4,6.656855050622885,2.2823823856765264,19.7,3.7376696182833684,1.8,0.0,0.9477893989335261
315,3,4,0.4121184852417566,0.1411200080598672,4.523960130562548,134.7,6.7074733968111895,2.1041341542702074,18.5,3.4339872044851463,2.7,0.0,0.0
316,4,5,0.4121184852417566,-0.7568024953079282,4.536891345234797,96.2,6.607190580699342,2.2617630984737906,18.6,3.2188758248682006,5.8,0.0,0.0
317,4,4,0.4121184852417566,-0.7568024953079282,4.536891345234797,96.2,6.607190580699342,2.2617630984737906,19.2,3.2188758248682006,4.9,0.0,1.5644405465033644
318,6,5,0.4121184852417566,-0.7568024953079282,4.541164856012179,119.0,6.665046572173087,2.1400661634962708,21.6,3.332204510175204,2.2,0.0,0.0
319,5,4,0.4121184852417566,-0.7568024953079282,4.541164856012179,119.0,6.665046572173087,2.1400661634962708,21.6,3.367295829986474,6.3,0.0,1.6882490928583902
320,6,3,0.4121184852417566,-0.7568024953079282,4.541164856012179,119.0,6.665046572173087,2.1400661634962708,18.9,3.5553480614894135,7.2,0.0,3.5655812377694427
321,1,4,0.4121184852417566,-0.7568024953079282,4.541164856012179,119.0,6.665046572173087,2.1400661634962708,16.8,3.367295829986474,4.0,0.0,2.105352923464337
322,6,5,0.4121184852417566,-0.7568024953079282,4.541164856012179,119.0,6.665046572173087,2.1400661634962708,16.8,3.367295829986474,4.0,0.0,0.6981347220709844
323,3,5,0.4121184852417566,-0.7568024953079282,4.51852237926242,136.9,6.7139277820019805,2.0541237336955462,12.9,3.6888794541139363,2.7,0.0,1.1568811967920856
324,6,5,0.4121184852417566,-0.7568024953079282,4.489759334476764,53.3,6.590163676124212,1.8562979903656263,13.7,4.04305126783455,1.8,0.0,1.6900958154515549
325,1,4,0.4121184852417566,-0.27941549819892586,4.534747721691546,102.3,6.6234009966230305,2.2407096892759584,24.2,3.332204510175204,3.1,0.0,0.0
326,5,4,0.4121184852417566,-0.27941549819892586,4.534747721691546,102.3,6.6234009966230305,2.2407096892759584,24.1,3.332204510175204,3.1,0.0,0.0
327,6,5,0.4121184852417566,-0.27941549819892586,4.534747721691546,102.3,6.6234009966230305,2.2407096892759584,21.2,3.4965075614664802,2.2,0.0,0.0
328,6,5,0.4121184852417566,-0.27941549819892586,4.534747721691546,102.3,6.6234009966230305,2.2407096892759584,19.7,3.58351893845611,1.8,0.0,0.0
329,4,3,0.4121184852417566,-0.27941549819892586,4.534747721691546,102.3,6.6234009966230305,2.2407096892759584,23.5,3.332204510175204,4.0,0.0,1.4655675420143985
330,3,3,0.4121184852417566,-0.27941549819892586,4.534747721691546,102.3,6.6234009966230305,2.2407096892759584,24.2,3.332204510175204,3.1,0.0,2.0255131996542803
331,7,4,0.4121184852417566,-0.27941549819892586,4.523960130562548,124.4,6.679975999263399,2.2512917986064953,21.5,3.367295829986474,4.5,0.0,2.8118094353930627
332,4,4,0.4121184852417566,-0.27941549819892586,4.523960130562548,124.4,6.679975999263399,2.2512917986064953,17.1,3.7376696182833684,2.2,0.0,2.503073953743449
333,1,4,0.4121184852417566,0.8414709848078965,4.533674184283021,87.7,6.582163633457136,2.3513752571634776,18.1,4.007333185232471,3.1,0.0,1.1410330045520618
334,2,3,0.4121184852417566,0.8414709848078965,4.528289141652134,108.4,6.639875833826536,1.9740810260220096,18.0,3.9512437185814275,5.4,0.0,0.0
335,4,3,0.4121184852417566,0.8414709848078965,4.528289141652134,108.4,6.639875833826536,1.9740810260220096,9.8,4.465908118654584,1.8,0.0,0.0
336,7,4,0.4121184852417566,0.8414709848078965,4.528289141652134,108.4,6.639875833826536,1.9740810260220096,19.3,3.8066624897703196,2.2,0.0,0.0
337,6,3,0.4121184852417566,0.8414709848078965,4.528289141652134,108.4,6.639875833826536,1.9740810260220096,23.0,3.5553480614894135,2.2,0.0,4.04375277610604
338,8,6,0.4121184852417566,0.8414709848078965,4.528289141652134,108.4,6.639875833826536,1.9740810260220096,22.7,3.58351893845611,2.2,0.0,2.1377104498038118
339,2,4,0.4121184852417566,0.8414709848078965,4.528289141652134,108.4,6.639875833826536,1.9740810260220096,20.4,3.7376696182833684,1.8,0.0,0.9042181506398859
340,2,5,0.4121184852417566,0.8414709848078965,4.528289141652134,108.4,6.639875833826536,1.9740810260220096,19.3,3.8066624897703196,2.2,0.0,1.5953389880545987
341,8,6,0.4121184852417566,0.8414709848078965,4.531523645819793,111.7,6.648077402939953,2.0149030205422647,15.7,3.9512437185814275,2.2,0.0,0.0
342,6,3,0.4121184852417566,0.8414709848078965,4.52720864451838,130.1,6.694685813239402,2.1400661634962708,20.6,3.6375861597263857,1.8,0.0,0.0
343,8,6,0.4121184852417566,0.8414709848078965,4.52720864451838,130.1,6.694685813239402,2.1400661634962708,15.9,3.9512437185814275,4.5,0.0,1.1568811967920856
344,6,3,0.4121184852417566,0.8414709848078965,4.52720864451838,130.1,6.694685813239402,2.1400661634962708,12.2,4.204692619390966,4.9,0.0,1.9600947840472698
345,2,2,0.4121184852417566,0.8414709848078965,4.52720864451838,130.1,6.694685813239402,2.1400661634962708,16.8,3.784189633918261,3.1,0.0,1.9213246735826988
346,1,4,0.4121184852417566,0.8414709848078965,4.52720864451838,130.1,6.694685813239402,2.1400661634962708,21.3,3.58351893845611,2.2,0.0,3.3738261848660236
347,5,4,0.4121184852417566,-0.9589242746631385,4.533674184283021,99.0,6.615127664137342,2.3608540011180215,10.1,4.330733340286331,3.6,0.0,0.0
348,3,4,0.4121184852417566,-0.9589242746631385,4.533674184283021,99.0,6.615127664137342,2.3608540011180215,17.4,4.060443010546419,4.5,0.0,0.0
349,5,4,0.4121184852417566,-0.9589242746631385,4.533674184283021,99.0,6.615127664137342,2.3608540011180215,12.8,4.174387269895637,3.6,0.0,0.9707789171582248
350,5,4,0.4121184852417566,-0.9589242746631385,4.533674184283021,99.0,6.615127664137342,2.3608540011180215,10.1,4.330733340286331,3.6,0.0,1.5496879080283263
351,4,4,0.4121184852417566,-0.9589242746631385,4.533674184283021,99.0,6.615127664137342,2.3608540011180215,15.4,3.9889840465642745,6.3,0.0,2.1174596088673567
352,7,4,0.4121184852417566,-0.9589242746631385,4.533674184283021,99.0,6.615127664137342,2.3608540011180215,20.6,3.784189633918261,3.6,0.0,1.1085626195212777
353,7,4,0.4121184852417566,-0.9589242746631385,4.533674184283021,99.0,6.615127664137342,2.3608540011180215,19.8,3.871201010907891,2.7,0.0,1.000631880307906
354,7,4,0.4121184852417566,-0.9589242746631385,4.533674184283021,99.0,6.615127664137342,2.3608540011180215,18.7,3.9318256327243257,2.2,0.0,1.9416152247724325
355,4,4,0.4121184852417566,-0.9589242746631385,4.533674184283021,99.0,6.615127664137342,2.3608540011180215,20.8,3.58351893845611,4.9,0.0,2.643333886382519
356,4,4,0.4121184852417566,-0.9589242746631385,4.533674184283021,99.0,6.615127664137342,2.3608540011180215,20.8,3.58351893845611,4.9,0.0,0.8153648132841945
357,6,3,0.4121184852417566,-0.9589242746631385,4.537961436294641,122.0,6.672918629076881,2.4159137783010487,15.9,4.02535169073515,3.6,0.0,0.0
358,6,3,0.4121184852417566,-0.9589242746631385,4.537961436294641,122.0,6.672918629076881,2.4159137783010487,19.7,3.6888794541139363,2.7,0.0,0.0
359,1,4,0.4121184852417566,-0.9589242746631385,4.537961436294641,122.0,6.672918629076881,2.4159137783010487,21.1,3.6888794541139363,2.2,0.0,2.21046980408624
360,6,5,0.4121184852417566,-0.9589242746631385,4.537961436294641,122.0,6.672918629076881,2.4159137783010487,18.4,3.7612001156935624,2.2,0.0,0.7371640659767197
361,4,3,0.4121184852417566,-0.9589242746631385,4.537961436294641,122.0,6.672918629076881,2.4159137783010487,17.3,3.828641396489095,4.0,0.0,1.597365331199831
362,7,4,0.4121184852417566,-0.9589242746631385,4.490881039585964,55.2,6.597554895099754,2.533696813957432,15.2,4.174387269895637,3.1,0.0,0.41871033485818504
363,4,3,0.4121184852417566,0.9092974268256817,4.531523645819793,111.7,6.648077402939953,2.0149030205422647,15.9,3.9889840465642745,2.2,0.0,1.3686394258811698
364,6,5,0.4121184852417566,0.9092974268256817,4.531523645819793,111.7,6.648077402939953,2.0149030205422647,21.1,3.58351893845611,2.7,0.0,1.8946168546677629
365,6,5,0.4121184852417566,0.9092974268256817,4.531523645819793,111.7,6.648077402939953,2.0149030205422647,19.6,3.828641396489095,3.1,0.0,3.0459499897146083
366,4,5,0.4121184852417566,0.9092974268256817,4.522874943261261,132.3,6.700854103213792,2.6026896854443837,15.9,3.6635616461296463,5.4,0.0,1.0116009116784799
367,4,5,0.4121184852417566,0.9092974268256817,4.522874943261261,132.3,6.700854103213792,2.6026896854443837,16.4,3.332204510175204,3.6,0.0,0.0
368,6,5,0.4121184852417566,-0.27941549819892586,4.523960130562548,94.3,6.613920987045158,2.2407096892759584,16.8,3.871201010907891,4.9,0.0,2.613006652415316
369,4,5,0.4121184852417566,0.6569865987187891,4.5217885770490405,276.3,6.716715831568459,2.0918640616783932,13.8,4.356708826689592,7.6,0.0,0.0
370,7,4,0.4121184852417566,0.6569865987187891,4.5217885770490405,276.3,6.716715831568459,2.0918640616783932,13.8,4.356708826689592,7.6,0.0,2.4898941912990393
371,3,4,0.6569865987187891,0.1411200080598672,4.531523645819793,133.6,6.256709274440827,2.1972245773362196,14.2,4.07753744390572,4.0,0.0,0.0
372,4,5,0.9893582466233818,0.6569865987187891,4.532599493153256,203.2,6.500538637835167,2.2082744135228043,10.4,4.330733340286331,0.9,0.0,0.0
373,5,4,0.9893582466233818,-0.7568024953079282,4.562262684976814,222.4,6.550508743144447,2.7013612129514133,20.3,3.7612001156935624,2.7,0.0,0.0
374,6,5,0.4121184852417566,-0.9589242746631385,4.514150787600923,290.0,6.752620782032146,2.128231705849268,10.3,4.3694478524670215,4.0,0.0,2.9601050959108397
375,6,5,0.4121184852417566,-0.27941549819892586,4.523960130562548,94.3,6.613920987045158,2.2407096892759584,15.4,4.060443010546419,4.9,0.0,3.6975913947159578
376,8,6,0.9893582466233818,0.8414709848078965,4.533674184283021,207.0,6.512636462928117,2.2192034840549946,21.1,4.007333185232471,2.2,0.0,0.0
377,2,2,0.9893582466233818,-0.27941549819892586,4.550714000192032,231.1,6.5738198220128945,2.2407096892759584,21.9,3.7612001156935624,2.2,0.0,5.168379509433644
378,6,5,0.1411200080598672,-0.7568024953079282,4.520701029361642,18.9,3.4531571205928664,2.1972245773362196,8.7,3.9512437185814275,5.8,0.0,0.0
379,4,5,0.8414709848078965,0.6569865987187891,2.9806186357439426,1.1,5.149817358229593,0.0,5.2,4.61512051684126,0.9,0.0,0.0
380,5,4,0.6569865987187891,0.1411200080598672,4.550714000192032,101.3,6.130791612329081,2.5572273113676265,19.3,3.6888794541139363,7.2,0.0,2.166765369851511
381,8,6,0.9893582466233818,-0.7568024953079282,4.51852237926242,194.1,6.467698726104354,2.0541237336955462,16.2,4.1588830833596715,2.7,0.0,2.8524391037275145
382,8,6,0.9893582466233818,0.1411200080598672,4.566429357671661,217.7,6.53813982376767,2.9444389791664403,28.2,3.4011973816621555,1.8,0.0,1.925707441737794
383,9,6,0.9893582466233818,-0.7568024953079282,4.528289141652134,248.4,6.626452813494395,1.9878743481543455,20.5,4.07753744390572,2.7,0.0,3.7812307151781224
384,8,4,0.9893582466233818,-0.27941549819892586,4.528289141652134,273.8,6.709426284042365,2.163323025660538,21.3,3.8066624897703196,4.5,0.0,2.578700529074361
385,2,4,0.9893582466233818,0.6569865987187891,4.528289141652134,181.3,6.419994928147142,2.151762203259462,20.9,3.9318256327243257,2.2,0.0,2.833213344056216
386,3,4,0.4121184852417566,0.6569865987187891,4.516338972281476,96.7,6.622071209193029,2.517696472610991,20.6,4.02535169073515,5.4,0.0,3.2422016501716975
387,5,5,0.1411200080598672,-0.7568024953079282,4.520701029361642,18.9,3.4531571205928664,2.1972245773362196,11.6,3.8918202981106265,5.4,0.0,0.0
388,6,4,0.9893582466233818,-0.9589242746631385,4.562262684976814,227.0,6.562020275081739,2.5649493574615367,23.3,3.5553480614894135,3.1,0.0,3.392492941032009
389,7,4,0.9893582466233818,-0.9589242746631385,4.562262684976814,227.0,6.562020275081739,2.5649493574615367,23.3,3.5553480614894135,3.1,0.0,0.0
390,7,4,0.9092974268256817,0.8414709848078965,4.450852825603734,9.5,4.08260930600368,1.62924053973028,7.5,4.276666119016055,6.3,0.0,2.3942522815198695
391,8,6,0.4121184852417566,-0.9589242746631385,4.522874943261261,91.3,6.605433229790841,2.1041341542702074,20.7,3.8501476017100584,2.7,0.0,3.4397768636296306
392,1,3,0.4121184852417566,0.6569865987187891,4.5217885770490405,276.3,6.716715831568459,2.0918640616783932,21.9,3.784189633918261,4.0,0.0,4.27332721775054
393,2,4,0.1411200080598672,0.9092974268256817,4.547541073151455,15.0,3.2809112157876537,2.517696472610991,15.2,2.995732273553991,7.6,0.0,0.0
394,6,5,0.9092974268256817,0.8414709848078965,4.443827035579329,4.6,3.8649313978942956,1.1631508098056809,5.3,4.23410650459726,1.8,0.0,0.0
395,4,5,0.9092974268256817,0.6569865987187891,4.454347296253507,9.0,4.05871738457895,1.5040773967762742,10.1,4.143134726391533,1.8,0.0,3.966132331075178
396,4,3,0.4121184852417566,0.6569865987187891,4.516338972281476,96.7,6.622071209193029,2.517696472610991,20.4,4.02535169073515,4.9,0.0,1.534714366238164
397,5,6,0.9893582466233818,0.6569865987187891,4.528289141652134,181.3,6.419994928147142,2.151762203259462,24.3,3.5263605246161616,3.6,0.0,1.5325568680981427
398,1,2,0.9893582466233818,-0.27941549819892586,4.550714000192032,231.1,6.5738198220128945,2.2407096892759584,25.9,3.4965075614664802,3.1,0.0,0.0
399,9,5,-0.27941549819892586,0.1411200080598672,4.546481189639412,49.5,5.699439725222064,2.70805020110221,28.0,3.5553480614894135,4.5,0.0,0.0
400,9,5,-0.27941549819892586,0.1411200080598672,4.546481189639412,49.5,5.699439725222064,2.70805020110221,28.0,3.5553480614894135,4.5,0.0,2.214846178686039
401,3,4,0.4121184852417566,-0.7568024953079282,4.522874943261261,88.2,6.596736341165919,2.2300144001592104,22.8,3.8501476017100584,4.0,0.0,1.7833912195575383
402,9,9,0.9893582466233818,-0.9589242746631385,4.562262684976814,227.0,6.562020275081739,2.5649493574615367,25.0,3.6109179126442243,4.0,0.0,0.0
403,8,6,0.9893582466233818,-0.7568024953079282,4.51852237926242,194.1,6.467698726104354,2.0541237336955462,21.3,3.7376696182833684,3.6,0.0,0.0
404,2,4,0.4121184852417566,0.1411200080598672,4.487512142519859,84.8,6.587687746386201,1.547562508716013,21.8,3.5553480614894135,2.2,0.0,1.951608170169951
405,2,2,0.9893582466233818,0.9092974268256817,4.560172820057356,212.1,6.524883019526607,2.3513752571634776,27.9,3.332204510175204,2.2,0.0,0.0
406,6,5,0.4121184852417566,-0.27941549819892586,4.478472532942134,291.3,6.758791125842179,1.6094379124341003,17.0,4.219507705176107,4.9,0.0,1.599387576580599
407,4,5,0.9092974268256817,-0.27941549819892586,4.450852825603734,8.2,4.02535169073515,1.3609765531356006,14.2,3.8501476017100584,4.0,0.0,0.0
408,4,3,0.4121184852417566,-0.9589242746631385,4.514150787600923,290.0,6.752620782032146,2.128231705849268,19.9,3.8066624897703196,3.1,0.0,2.174751721484161
409,1,4,0.6569865987187891,0.9092974268256817,4.535820107853298,96.2,6.1119107001838495,2.5726122302071057,23.4,3.4657359027997265,5.4,0.0,0.0
410,6,3,0.9092974268256817,-0.9589242746631385,4.443827035579329,7.3,3.9852734671677386,1.308332819650179,14.7,3.7612001156935624,2.7,0.0,0.0
411,7,4,0.9092974268256817,-0.9589242746631385,4.449685283147696,3.2,3.7977338590260183,1.4586150226995167,8.2,3.9889840465642745,9.4,0.0,1.7263316639055997
412,9,4,0.6569865987187891,0.8414709848078965,4.535820107853298,92.1,6.093795478205444,2.379546134130174,22.8,3.332204510175204,4.5,0.0,0.9669838461896731
413,7,5,0.9893582466233818,-0.27941549819892586,4.550714000192032,231.1,6.5738198220128945,2.2407096892759584,26.4,3.5263605246161616,3.6,0.0,0.0
414,5,4,0.9893582466233818,0.6569865987187891,4.549657476057832,235.1,6.5849295043947755,2.4069451083182885,24.1,3.9318256327243257,4.0,0.0,0.0
415,8,6,0.9893582466233818,-0.7568024953079282,4.562262684976814,222.4,6.550508743144447,2.7013612129514133,27.5,3.332204510175204,4.9,0.0,6.616439947564594
416,6,3,0.6569865987187891,0.9092974268256817,4.540098189244376,164.1,6.35749558597074,2.2925347571405443,26.3,3.6888794541139363,3.1,0.0,2.081938421878423
417,6,5,0.1411200080598672,0.1411200080598672,4.547541073151455,17.3,3.3775875160230218,2.388762789235098,13.8,3.2188758248682006,5.8,0.0,0.0
418,2,4,0.9893582466233818,0.6569865987187891,4.532599493153256,203.2,6.500538637835167,2.2082744135228043,24.9,3.7612001156935624,5.4,0.0,1.235471471385307
419,2,5,0.9893582466233818,0.6569865987187891,4.528289141652134,181.3,6.419994928147142,2.151762203259462,24.8,3.6109179126442243,4.0,0.0,1.3987168811184478
420,8,8,0.9893582466233818,0.1411200080598672,4.529368472571809,191.4,6.45661265737732,2.174751721484161,26.2,3.6109179126442243,4.5,0.0,5.229824370102736
421,2,4,0.9893582466233818,0.1411200080598672,4.566429357671661,217.7,6.53813982376767,2.9444389791664403,30.8,2.995732273553991,4.5,0.0,0.0
422,8,6,0.6569865987187891,0.6569865987187891,4.498697941477575,263.1,6.680729200403702,1.824549292051046,29.3,3.332204510175204,3.6,0.0,1.9878743481543455
423,1,3,0.4121184852417566,-0.27941549819892586,4.523960130562548,94.3,6.613920987045158,2.2407096892759584,22.3,3.8918202981106265,4.0,0.0,0.5423242908253617
424,8,6,0.9893582466233818,-0.27941549819892586,4.550714000192032,231.1,6.5738198220128945,2.2407096892759584,26.9,3.4657359027997265,3.6,0.0,1.7850704810772584
425,2,2,0.9893582466233818,-0.7568024953079282,4.528289141652134,248.4,6.626452813494395,1.9878743481543455,20.4,4.04305126783455,2.2,0.0,0.0
426,8,6,0.9893582466233818,-0.7568024953079282,4.528289141652134,248.4,6.626452813494395,1.9878743481543455,20.4,4.04305126783455,2.2,0.0,0.0
427,2,4,0.9893582466233818,0.8414709848078965,4.533674184283021,207.0,6.512636462928117,2.2192034840549946,27.9,3.5263605246161616,2.2,0.0,1.208960345836975
428,1,3,0.9893582466233818,-0.7568024953079282,4.562262684976814,222.4,6.550508743144447,2.7013612129514133,26.2,3.5553480614894135,5.8,0.0,0.0
429,3,4,0.9893582466233818,0.6569865987187891,4.528289141652134,181.3,6.419994928147142,2.151762203259462,24.6,3.8066624897703196,4.0,0.0,1.4350845252893227
430,7,4,0.4121184852417566,-0.7568024953079282,4.507557357121091,287.2,6.745589228391747,2.0541237336955462,19.4,3.828641396489095,3.6,0.0,0.0
431,1,3,0.9893582466233818,-0.27941549819892586,4.533674184283021,178.0,6.407374913077685,2.3608540011180215,23.3,3.713572066704308,4.0,0.0,1.9960599327407849
432,8,6,0.9893582466233818,-0.7568024953079282,4.562262684976814,222.4,6.550508743144447,2.7013612129514133,23.9,3.6635616461296463,6.7,0.0,0.0
433,2,4,0.9893582466233818,0.6569865987187891,4.549657476057832,235.1,6.5849295043947755,2.4069451083182885,20.9,4.204692619390966,4.9,0.0,2.7936160894318567
434,1,4,0.9893582466233818,-0.9589242746631385,4.517431271680085,269.8,6.699746615252198,1.8718021769015913,22.2,3.828641396489095,3.6,0.0,0.0
435,2,5,0.6569865987187891,-0.27941549819892586,4.519612297626445,84.7,5.933835434271345,1.8870696490323797,23.8,3.9512437185814275,1.8,0.0,0.0
436,8,6,0.9893582466233818,0.8414709848078965,4.533674184283021,207.0,6.512636462928117,2.2192034840549946,26.8,3.58351893845611,1.3,0.0,0.43178241642553783
437,8,6,0.9893582466233818,-0.27941549819892586,4.504244267398131,253.6,6.645610990318195,2.3702437414678603,14.2,4.30406509320417,2.7,0.0,0.0
438,2,5,0.9893582466233818,-0.27941549819892586,4.550714000192032,231.1,6.5738198220128945,2.2407096892759584,23.6,3.9889840465642745,4.0,0.0,2.005525858729668
439,1,3,0.4121184852417566,-0.9589242746631385,4.522874943261261,91.3,6.605433229790841,2.1041341542702074,19.1,3.8501476017100584,2.2,0.0,0.2851789422336624
440,5,4,0.4121184852417566,-0.9589242746631385,4.514150787600923,290.0,6.752620782032146,2.128231705849268,16.2,4.07753744390572,3.6,0.0,0.0
441,8,6,0.9893582466233818,0.8414709848078965,4.533674184283021,207.0,6.512636462928117,2.2192034840549946,25.5,3.4011973816621555,1.8,0.0,0.8020015854720274
442,6,5,-0.7568024953079282,0.8414709848078965,4.487512142519859,24.9,3.751854253275325,1.547562508716013,10.9,4.174387269895637,3.1,0.0,1.4701758451005926
443,1,2,0.6569865987187891,-0.9589242746631385,4.51852237926242,80.9,5.911609321858518,2.8791984572980396,14.8,4.3694478524670215,8.0,0.0,0.0
444,2,5,0.4121184852417566,-0.9589242746631385,4.514150787600923,290.0,6.752620782032146,2.128231705849268,16.2,4.07753744390572,3.6,0.0,2.3942522815198695
445,5,5,0.9893582466233818,0.6569865987187891,4.553876891600541,47.9,4.622027303054514,2.4595888418037104,17.3,4.394449154672439,4.5,0.0,0.0
446,6,5,0.9893582466233818,0.6569865987187891,4.532599493153256,203.2,6.500538637835167,2.2082744135228043,19.1,4.2626798770413155,2.2,0.0,0.0
447,3,4,0.1411200080598672,0.1411200080598672,4.547541073151455,17.3,3.3775875160230218,2.388762789235098,8.9,3.58351893845611,8.0,0.0,0.0
448,7,4,0.4121184852417566,0.1411200080598672,4.507557357121091,284.9,6.739336627357174,2.4069451083182885,10.5,4.356708826689592,4.0,0.0,0.0
449,7,4,0.9893582466233818,0.6569865987187891,4.528289141652134,181.3,6.419994928147142,2.151762203259462,19.3,4.127134385045092,4.9,0.0,0.0
450,4,5,0.9893582466233818,0.1411200080598672,4.566429357671661,217.7,6.53813982376767,2.9444389791664403,23.4,3.912023005428146,5.4,0.0,2.005525858729668
451,1,4,0.9893582466233818,-0.9589242746631385,4.516338972281476,196.8,6.4783560205783415,2.8507065015037334,11.8,4.48863636973214,4.9,0.0,2.3711778844596574
452,7,4,0.9893582466233818,0.8414709848078965,4.52720864451838,238.2,6.595233916516711,2.1400661634962708,17.7,4.189654742026425,4.0,0.0,0.0
453,4,5,0.9893582466233818,-0.7568024953079282,4.504244267398131,266.2,6.689972333910023,1.8870696490323797,17.4,4.007333185232471,3.1,0.0,0.0
454,3,4,0.9893582466233818,-0.7568024953079282,4.528289141652134,248.4,6.626452813494395,1.9878743481543455,16.8,4.04305126783455,3.1,0.0,0.0
455,3,4,0.6569865987187891,0.8414709848078965,4.560172820057356,160.0,6.342473469420088,2.8735646395797834,17.9,3.8918202981106265,2.7,0.0,0.0
456,2,4,0.9893582466233818,-0.7568024953079282,4.528289141652134,248.4,6.626452813494395,1.9878743481543455,16.6,4.0943445622221,2.7,0.0,0.0
457,1,4,0.9893582466233818,0.1411200080598672,4.529368472571809,191.4,6.45661265737732,2.174751721484161,19.9,3.9318256327243257,4.0,0.0,4.427836170705175
458,8,6,0.9893582466233818,-0.27941549819892586,4.550714000192032,231.1,6.5738198220128945,2.2407096892759584,18.9,4.174387269895637,4.9,0.0,1.463255402256019
459,7,4,0.9893582466233818,-0.27941549819892586,4.528289141652134,273.8,6.709426284042365,2.163323025660538,15.5,4.290459441148391,8.0,0.0,1.0784095813505903
460,2,5,0.9893582466233818,-0.27941549819892586,4.550714000192032,231.1,6.5738198220128945,2.2407096892759584,18.9,4.174387269895637,4.9,0.0,0.0
461,8,6,0.9893582466233818,-0.27941549819892586,4.550714000192032,231.1,6.5738198220128945,2.2407096892759584,18.9,4.174387269895637,4.9,0.0,0.0
462,1,4,0.4121184852417566,0.6569865987187891,4.5217885770490405,276.3,6.716715831568459,2.0918640616783932,14.5,4.343805421853684,7.6,0.0,1.5496879080283263
463,6,5,0.9092974268256817,0.9092974268256817,4.33204826486764,4.4,2.8449093838194073,1.0647107369924282,4.6,4.418840607796598,6.3,0.0,1.8547342683894434
464,6,4,0.9092974268256817,0.9092974268256817,4.33204826486764,4.4,2.8449093838194073,1.0647107369924282,5.1,4.356708826689592,5.4,0.0,1.144222799920162
465,2,2,0.9092974268256817,-0.27941549819892586,4.388257184424518,3.6,2.791165107812717,1.0296194171811581,4.6,4.0943445622221,0.9,0.0,2.0592388343623163
466,6,5,0.1411200080598672,0.8414709848078965,4.4796069630127455,15.1,3.634951112088381,2.0918640616783932,10.2,3.828641396489095,5.8,0.0,1.430311246536665
467,3,4,0.1411200080598672,0.1411200080598672,4.513054897080286,18.5,3.7400477406883357,2.1162555148025524,11.2,3.7376696182833684,5.4,0.0,1.8794650496471605
468,6,5,0.1411200080598672,-0.7568024953079282,4.525044141508807,20.6,3.7954891891721947,2.2512917986064953,13.3,3.332204510175204,3.6,0.0,2.0294631718735947
469,6,3,-0.7568024953079282,0.6569865987187891,4.5217885770490405,14.6,3.2809112157876537,2.5877640352277083,13.7,3.5263605246161616,9.4,0.0,4.129228964075603
470,5,4,-0.7568024953079282,0.6569865987187891,4.5217885770490405,14.6,3.2809112157876537,2.5877640352277083,17.6,3.332204510175204,5.8,0.0,0.0
471,4,3,-0.9589242746631385,-0.9589242746631385,4.506454213048934,25.4,4.3134800921387715,1.9021075263969205,18.0,3.713572066704308,4.0,0.0,3.675794214565281
472,8,3,-0.27941549819892586,0.8414709848078965,4.490881039585964,96.2,5.438079308923196,1.7404661748405046,14.3,4.382026634673881,4.0,0.0,1.0784095813505903
473,9,4,-0.27941549819892586,-0.27941549819892586,4.516338972281476,61.1,5.535758222563071,2.341805806147327,24.5,3.9318256327243257,3.1,0.0,4.267176792994939
474,4,3,-0.27941549819892586,-0.7568024953079282,4.543294782270004,103.8,5.761107541275471,2.468099531471619,26.4,3.58351893845611,2.7,0.0,2.405141681319138
475,2,5,-0.27941549819892586,-0.7568024953079282,4.550714000192032,121.7,5.861355861760962,2.9444389791664403,22.7,3.713572066704308,9.4,0.0,1.4327007339340463
476,4,3,0.6569865987187891,-0.7568024953079282,4.548599834499697,85.3,5.981414211254481,2.388762789235098,27.2,3.367295829986474,1.3,0.0,1.0152306797290584
477,4,3,0.6569865987187891,0.6569865987187891,4.550714000192032,101.3,6.050676406739828,2.7536607123542622,26.1,3.828641396489095,4.0,0.0,2.1234584270966104
478,7,4,0.6569865987187891,0.6569865987187891,4.550714000192032,101.3,6.050676406739828,2.7536607123542622,18.2,4.418840607796598,4.5,0.0,1.1662709371419244
479,7,4,0.6569865987187891,0.8414709848078965,4.502029427068578,103.9,6.069813513518959,2.0014800002101243,22.6,4.060443010546419,4.9,0.0,5.633109621361155
480,9,9,0.6569865987187891,-0.7568024953079282,4.545420181582317,114.4,6.329720905522696,2.3513752571634776,30.2,3.258096538021482,4.5,0.0,1.3217558399823195
481,4,3,0.6569865987187891,-0.7568024953079282,4.545420181582317,114.4,6.329720905522696,2.3513752571634776,30.2,3.1354942159291497,4.9,0.0,0.0
482,3,4,0.9893582466233818,0.6569865987187891,4.563305981889393,130.3,6.3768970014659105,2.714694743820879,23.4,3.713572066704308,5.8,0.0,0.8285518175661483
483,8,6,0.9893582466233818,0.6569865987187891,4.563305981889393,130.3,6.3768970014659105,2.714694743820879,31.0,3.332204510175204,5.4,0.0,0.0
484,2,5,0.9893582466233818,0.6569865987187891,4.563305981889393,130.3,6.3768970014659105,2.714694743820879,33.1,3.258096538021482,4.0,0.0,3.311637304949512
485,2,4,0.9893582466233818,0.8414709848078965,4.564348191467836,135.5,6.39241949973826,3.104586678466073,30.6,3.367295829986474,3.6,0.0,1.1216775615991057
486,5,4,0.9893582466233818,0.9092974268256817,4.565389315976247,141.3,6.408199247474377,2.928523523860541,24.1,3.784189633918261,6.3,0.0,1.0986122886681098
487,5,4,0.9893582466233818,0.9092974268256817,4.565389315976247,141.3,6.408199247474377,2.928523523860541,26.4,3.5553480614894135,3.6,0.0,2.856470206220483
488,4,4,0.9893582466233818,0.9092974268256817,4.565389315976247,141.3,6.408199247474377,2.928523523860541,19.4,4.276666119016055,7.6,0.0,3.8649313978942956
489,4,4,0.9893582466233818,0.1411200080598672,4.565389315976247,141.3,6.408199247474377,2.928523523860541,20.6,4.07753744390572,1.3,0.0,0.0
490,4,4,0.9893582466233818,0.1411200080598672,4.565389315976247,141.3,6.408199247474377,2.928523523860541,28.7,3.5263605246161616,4.0,0.0,0.0
491,4,4,0.9893582466233818,-0.7568024953079282,4.572646994282532,152.0,6.437911636937767,2.6946271807700692,32.4,3.091042453358316,4.5,0.0,0.0
492,1,3,0.9893582466233818,-0.9589242746631385,4.5736795188967205,158.0,6.452994879149095,2.509599262378372,32.4,3.332204510175204,2.2,0.0,0.0
493,1,3,0.9893582466233818,-0.9589242746631385,4.5736795188967205,158.0,6.452994879149095,2.509599262378372,27.5,3.4011973816621555,4.5,0.0,3.7914360424390283
494,6,6,0.9893582466233818,-0.27941549819892586,4.574710978503383,164.0,6.467698726104354,2.70805020110221,30.8,3.4339872044851463,4.9,0.0,2.2607208888953467
495,6,6,0.9893582466233818,0.8414709848078965,4.576770711466393,175.5,6.496473285552407,2.8791984572980396,23.9,3.7612001156935624,2.2,0.0,0.0
496,4,5,0.9893582466233818,0.8414709848078965,4.576770711466393,175.5,6.496473285552407,2.8791984572980396,32.6,3.295836866004329,3.1,0.0,1.3270750014599193
497,3,4,0.9893582466233818,0.9092974268256817,4.575741375297279,181.1,6.510555915291006,2.72785282839839,32.3,3.332204510175204,2.2,0.0,2.7523860149222616
498,6,5,0.9893582466233818,0.9092974268256817,4.575741375297279,181.1,6.510555915291006,2.72785282839839,33.3,3.295836866004329,2.7,0.0,3.726656818447966
499,7,5,0.9893582466233818,0.9092974268256817,4.575741375297279,181.1,6.510555915291006,2.72785282839839,27.3,4.1588830833596715,4.9,2.0014800002101243,2.469793011977952
500,8,6,0.9893582466233818,0.9092974268256817,4.575741375297279,181.1,6.510555915291006,2.72785282839839,21.6,4.189654742026425,4.9,0.5877866649021191,0.0
501,7,5,0.9893582466233818,0.9092974268256817,4.575741375297279,181.1,6.510555915291006,2.72785282839839,21.6,4.189654742026425,4.9,0.5877866649021191,0.0
502,4,4,0.9893582466233818,0.9092974268256817,4.575741375297279,181.1,6.510555915291006,2.72785282839839,20.7,4.248495242049359,4.9,0.33647223662121295,0.0
503,2,4,0.9893582466233818,0.1411200080598672,4.5591262474866845,139.4,6.536836514626557,3.044522437723423,29.2,3.4339872044851463,4.9,0.0,1.0818051703517284
504,4,3,0.9893582466233818,0.1411200080598672,4.5591262474866845,139.4,6.536836514626557,3.044522437723423,28.9,3.4011973816621555,4.9,0.0,3.923753928303845
505,1,2,0.9893582466233818,-0.7568024953079282,4.5217885770490405,163.2,6.613920987045158,2.4069451083182885,26.7,3.58351893845611,1.8,0.0,1.916922612182061
506,1,2,0.9893582466233818,-0.9589242746631385,4.5217885770490405,166.9,6.624861723262153,2.0918640616783932,18.5,4.30406509320417,8.5,0.0,0.0
507,2,4,0.9893582466233818,-0.9589242746631385,4.5217885770490405,166.9,6.624861723262153,2.0918640616783932,25.9,3.7376696182833684,3.6,0.0,0.0
508,1,2,0.9893582466233818,-0.9589242746631385,4.5217885770490405,166.9,6.624861723262153,2.0918640616783932,25.9,3.7376696182833684,3.6,0.0,0.0
509,5,4,0.9893582466233818,-0.9589242746631385,4.5217885770490405,166.9,6.624861723262153,2.0918640616783932,21.1,4.276666119016055,7.6,0.8754687373538999,1.1537315878891892
510,6,5,0.9893582466233818,-0.9589242746631385,4.5217885770490405,166.9,6.624861723262153,2.0918640616783932,18.2,4.143134726391533,5.4,0.0,0.35767444427181594
511,8,6,0.9893582466233818,0.6569865987187891,4.414009680526933,56.7,6.502190165873639,1.0647107369924282,27.8,3.58351893845611,2.7,0.0,0.0
512,4,3,0.9893582466233818,0.6569865987187891,4.414009680526933,56.7,6.502190165873639,1.0647107369924282,27.8,3.4965075614664802,2.7,0.0,2.0068708488450007
513,2,4,0.9893582466233818,0.6569865987187891,4.414009680526933,56.7,6.502190165873639,1.0647107369924282,21.9,4.276666119016055,5.8,0.0,4.012592060349841
514,7,4,0.9893582466233818,0.6569865987187891,4.414009680526933,56.7,6.502190165873639,1.0647107369924282,21.2,4.2626798770413155,6.7,0.0,2.498151876538021
515,1,4,0.9893582466233818,-0.27941549819892586,4.558078578454241,146.0,6.422759831917165,2.509599262378372,25.6,3.7612001156935624,4.0,0.0,0.0
516,6,3,-0.9999902065507035,0.9092974268256817,4.388257184424518,3.0,4.679349584162343,0.7419373447293773,11.8,3.4657359027997265,4.5,0.0,0.0
